{"cameraMode":{"drawMode":0,"name":"Shaded","section":"Shading Mode"},"sceneLighting":true,"audioPlay":false,"sceneViewState":{"m_AlwaysRefresh":false,"showFog":true,"showSkybox":true,"showFlares":true,"showImageEffects":true,"showParticleSystems":true,"showVisualEffectGraphs":true,"m_FxEnabled":true},"in2DMode":false,"pivot":{"x":-10.117883682250977,"y":9.367636680603028,"z":4.012508392333984},"rotation":{"x":0.02339543029665947,"y":-0.0014989046612754465,"z":0.00003723530244315043,"w":0.999739944934845},"size":2.2225193977355959,"orthographic":false}